theta,gamma,q,kappa,ssim_channel,dE00,ssim_L
0.50,1.00,0.24040,0.0781,0.1719,24.544,0.2031
0.50,0.75,0.25214,0.0885,0.1928,23.875,0.2236
0.50,0.50,0.26414,0.1042,0.2177,23.650,0.2426
0.50,0.25,0.27742,0.1339,0.2481,24.482,0.2543
0.50,0.10,0.28725,0.1698,0.2640,25.887,0.2398
0.50,0.01,0.30217,0.2098,0.2827,27.029,0.2233
0.60,1.00,0.22607,0.0797,0.1411,26.195,0.1675
0.60,0.75,0.24019,0.0907,0.1608,25.279,0.1873
0.60,0.50,0.25806,0.1079,0.1865,24.298,0.2107
0.60,0.25,0.28021,0.1381,0.2200,23.647,0.2342
0.60,0.10,0.29644,0.1705,0.2435,23.787,0.2390
0.60,0.01,0.31143,0.2019,0.2645,24.129,0.2381
