channel,mean_ink,bias,black_fraction,pct_pixels_changed_vs_bias0
C,0.4612,-80,0.4634,38.33
C,0.4612,-70,0.4632,38.79
C,0.4612,-60,0.4630,38.54
C,0.4612,-50,0.4628,38.41
C,0.4612,-40,0.4624,38.42
C,0.4612,-30,0.4623,38.48
C,0.4612,-20,0.4621,38.87
C,0.4612,-10,0.4619,39.15
C,0.4612,0,0.4617,0.00
C,0.4612,10,0.4615,37.93
C,0.4612,20,0.4612,38.74
C,0.4612,30,0.4610,38.63
C,0.4612,40,0.4609,38.29
C,0.4612,50,0.4606,38.65
C,0.4612,60,0.4604,38.69
C,0.4612,70,0.4603,38.63
C,0.4612,80,0.4601,39.24
M,0.4947,-80,0.4968,40.73
M,0.4947,-70,0.4966,40.71
M,0.4947,-60,0.4964,40.56
M,0.4947,-50,0.4962,41.12
M,0.4947,-40,0.4959,40.56
M,0.4947,-30,0.4958,41.27
M,0.4947,-20,0.4956,40.77
M,0.4947,-10,0.4953,40.81
M,0.4947,0,0.4951,0.00
M,0.4947,10,0.4948,40.85
M,0.4947,20,0.4947,40.69
M,0.4947,30,0.4944,40.33
M,0.4947,40,0.4942,40.49
M,0.4947,50,0.4940,41.04
M,0.4947,60,0.4938,40.71
M,0.4947,70,0.4936,41.02
M,0.4947,80,0.4935,41.53
Y,0.5564,-80,0.5587,35.29
Y,0.5564,-70,0.5584,34.91
Y,0.5564,-60,0.5584,35.63
Y,0.5564,-50,0.5581,35.00
Y,0.5564,-40,0.5579,35.74
Y,0.5564,-30,0.5578,35.43
Y,0.5564,-20,0.5575,35.08
Y,0.5564,-10,0.5574,35.35
Y,0.5564,0,0.5571,0.00
Y,0.5564,10,0.5569,34.80
Y,0.5564,20,0.5567,35.42
Y,0.5564,30,0.5566,35.39
Y,0.5564,40,0.5563,35.64
Y,0.5564,50,0.5560,34.86
Y,0.5564,60,0.5559,35.14
Y,0.5564,70,0.5556,35.55
Y,0.5564,80,0.5555,35.45
