image,design,theta_C,theta_M,theta_Y,gamma_C,gamma_M,gamma_Y,q,qp,dE00,ssimL,chroma_vivid,vivid_frac
kodim01,baseline,0.0000,0.0000,0.0000,1.0000,1.0000,1.0000,0.213001,0.335212,27.0980,0.21238,0.6177,0.0063
kodim01,analytic,0.5000,0.5000,0.5000,1.0000,1.0000,1.0000,0.285252,0.416704,20.7031,0.24747,0.9763,0.0063
kodim01,iter3,0.5208,0.4925,0.6055,0.5000,0.5000,0.5000,0.307751,0.425474,22.5940,0.30283,1.1166,0.0063
kodim02,baseline,0.0000,0.0000,0.0000,1.0000,1.0000,1.0000,0.274303,0.420707,20.1265,0.24394,0.5770,0.8065
kodim02,analytic,0.5000,0.5000,0.5000,1.0000,1.0000,1.0000,0.301449,0.499627,13.6015,0.27128,0.8291,0.8065
kodim02,iter3,0.4988,0.3325,0.4329,0.5000,1.1373,0.5000,0.318102,0.513964,12.5851,0.27963,0.9236,0.8065
kodim03,baseline,0.0000,0.0000,0.0000,1.0000,1.0000,1.0000,0.248236,0.382701,23.5283,0.23597,0.6061,0.2199
kodim03,analytic,0.5000,0.5000,0.5000,1.0000,1.0000,1.0000,0.289850,0.438901,18.0515,0.23883,0.7870,0.2199
kodim03,iter3,0.3984,0.5898,0.4424,0.5000,0.5098,1.1275,0.301428,0.418391,20.0157,0.23710,0.7843,0.2199
kodim04,baseline,0.0000,0.0000,0.0000,1.0000,1.0000,1.0000,0.247562,0.402670,22.7858,0.26106,0.5794,0.1824
kodim04,analytic,0.5000,0.5000,0.5000,1.0000,1.0000,1.0000,0.297311,0.473507,17.0933,0.28888,0.8677,0.1824
kodim04,iter3,0.5992,0.5961,0.4925,0.5196,0.5000,0.8627,0.313696,0.486134,16.2948,0.29816,0.9700,0.1824
kodim05,baseline,0.0000,0.0000,0.0000,1.0000,1.0000,1.0000,0.268493,0.420679,21.8558,0.27847,0.5950,0.0766
kodim05,analytic,0.5000,0.5000,0.5000,1.0000,1.0000,1.0000,0.328761,0.498435,19.1854,0.38058,0.8331,0.0766
kodim05,iter3,0.6055,0.3953,0.1224,0.5000,1.0098,2.0196,0.328256,0.502665,19.2655,0.39064,0.8539,0.0766
kodim06,baseline,0.0000,0.0000,0.0000,1.0000,1.0000,1.0000,0.200438,0.301497,29.0738,0.18447,0.5471,0.0033
kodim06,analytic,0.5000,0.5000,0.5000,1.0000,1.0000,1.0000,0.230443,0.354869,24.5798,0.20133,0.7750,0.0033
kodim06,iter3,0.3890,0.3922,0.2008,0.5000,0.5294,1.7745,0.236716,0.319912,29.1632,0.22309,0.6807,0.0033
kodim07,baseline,0.0000,0.0000,0.0000,1.0000,1.0000,1.0000,0.226950,0.352722,26.3095,0.23163,0.5924,0.0638
kodim07,analytic,0.5000,0.5000,0.5000,1.0000,1.0000,1.0000,0.299404,0.433727,20.2841,0.27314,0.7842,0.0638
kodim07,iter3,0.5365,0.4894,0.6149,0.5000,0.5392,0.5000,0.323367,0.434328,22.4491,0.31764,0.8054,0.0638
kodim08,baseline,0.0000,0.0000,0.0000,1.0000,1.0000,1.0000,0.223675,0.354160,27.6184,0.26069,1.0757,0.1000
kodim08,analytic,0.5000,0.5000,0.5000,1.0000,1.0000,1.0000,0.250547,0.395817,23.7859,0.26735,1.0462,0.1000
kodim08,iter3,0.3953,0.3953,0.3451,0.5098,0.5000,0.8137,0.266458,0.405296,25.1689,0.31397,1.0702,0.1000
kodim09,baseline,0.0000,0.0000,0.0000,1.0000,1.0000,1.0000,0.187933,0.293651,31.1661,0.21062,0.6524,0.0543
kodim09,analytic,0.5000,0.5000,0.5000,1.0000,1.0000,1.0000,0.260892,0.378827,22.3635,0.20492,0.7508,0.0543
kodim09,iter3,0.5522,0.4925,0.4957,0.5000,0.5000,0.5000,0.283899,0.389920,22.5195,0.23023,0.9190,0.0543
kodim10,baseline,0.0000,0.0000,0.0000,1.0000,1.0000,1.0000,0.186459,0.302236,29.7350,0.19917,0.5198,0.0032
kodim10,analytic,0.5000,0.5000,0.5000,1.0000,1.0000,1.0000,0.240812,0.376331,21.9874,0.19241,0.6203,0.0032
kodim10,iter3,0.5208,0.6275,0.5427,0.5000,0.5000,0.5000,0.262850,0.371227,22.0111,0.18268,0.6535,0.0032
kodim11,baseline,0.0000,0.0000,0.0000,1.0000,1.0000,1.0000,0.242274,0.384034,23.7750,0.24357,0.5839,0.0110
kodim11,analytic,0.5000,0.5000,0.5000,1.0000,1.0000,1.0000,0.314919,0.456368,18.7905,0.28855,0.6140,0.0110
kodim11,iter3,0.5835,0.5898,0.5898,0.5000,0.5000,0.5196,0.339687,0.468478,18.6266,0.30949,0.6732,0.0110
kodim12,baseline,0.0000,0.0000,0.0000,1.0000,1.0000,1.0000,0.167996,0.244803,34.9069,0.18774,0.6176,0.0256
kodim12,analytic,0.5000,0.5000,0.5000,1.0000,1.0000,1.0000,0.224356,0.304850,28.8166,0.18603,0.8211,0.0256
kodim12,iter3,0.4173,0.4267,0.5145,0.5098,0.5000,0.5000,0.257210,0.310944,29.2561,0.20701,0.8400,0.0256
kodim13,baseline,0.0000,0.0000,0.0000,1.0000,1.0000,1.0000,0.218634,0.339038,26.6162,0.21040,0.6345,0.0089
kodim13,analytic,0.5000,0.5000,0.5000,1.0000,1.0000,1.0000,0.252119,0.398149,21.2816,0.22193,0.9950,0.0089
kodim13,iter3,0.3953,0.4894,0.3388,0.5196,0.5000,0.6765,0.262170,0.411521,21.6058,0.25516,0.9618,0.0089
kodim14,baseline,0.0000,0.0000,0.0000,1.0000,1.0000,1.0000,0.246404,0.372683,25.2827,0.25102,0.6109,0.1833
kodim14,analytic,0.5000,0.5000,0.5000,1.0000,1.0000,1.0000,0.301746,0.440572,20.4220,0.28958,0.7307,0.1833
kodim14,iter3,0.4831,0.4988,0.2384,0.5098,0.5098,1.7745,0.311518,0.449424,21.6500,0.33185,0.7102,0.1833
kodim15,baseline,0.0000,0.0000,0.0000,1.0000,1.0000,1.0000,0.288518,0.448558,19.7132,0.29138,0.5747,0.1652
kodim15,analytic,0.5000,0.5000,0.5000,1.0000,1.0000,1.0000,0.304394,0.498954,17.1291,0.34049,0.7969,0.1652
kodim15,iter3,0.5773,0.2824,0.2416,0.5000,0.5000,0.5000,0.328357,0.490794,16.9083,0.31976,0.9571,0.1652
kodim16,baseline,0.0000,0.0000,0.0000,1.0000,1.0000,1.0000,0.218760,0.353775,24.7792,0.20313,1.0364,0.1000
kodim16,analytic,0.5000,0.5000,0.5000,1.0000,1.0000,1.0000,0.266990,0.401729,20.1234,0.20593,1.1632,0.1000
kodim16,iter3,0.2322,0.5804,0.6024,1.7549,0.5000,0.5098,0.276539,0.404261,20.5197,0.21891,1.1499,0.1000
kodim17,baseline,0.0000,0.0000,0.0000,1.0000,1.0000,1.0000,0.260717,0.418498,22.4230,0.28546,0.6676,0.0061
kodim17,analytic,0.5000,0.5000,0.5000,1.0000,1.0000,1.0000,0.322818,0.473867,18.4886,0.31751,0.6501,0.0061
kodim17,iter3,0.5773,0.4894,0.6024,0.5000,0.5000,0.5000,0.343337,0.493932,19.3671,0.37521,0.6443,0.0061
kodim18,baseline,0.0000,0.0000,0.0000,1.0000,1.0000,1.0000,0.274586,0.428527,19.7383,0.25182,0.6688,0.0320
kodim18,analytic,0.5000,0.5000,0.5000,1.0000,1.0000,1.0000,0.310883,0.487625,17.3058,0.32137,0.7760,0.0320
kodim18,iter3,0.5961,0.2886,0.2416,0.5000,1.4902,1.3627,0.313722,0.487292,16.8391,0.31136,0.8057,0.0320
kodim19,baseline,0.0000,0.0000,0.0000,1.0000,1.0000,1.0000,0.201190,0.317548,28.6425,0.20795,0.5683,0.0090
kodim19,analytic,0.5000,0.5000,0.5000,1.0000,1.0000,1.0000,0.259250,0.383254,22.4536,0.21558,0.7234,0.0090
kodim19,iter3,0.5271,0.5647,0.6024,0.5000,0.5000,0.5000,0.283175,0.390230,22.5241,0.23094,0.7598,0.0090
kodim20,baseline,0.0000,0.0000,0.0000,1.0000,1.0000,1.0000,0.214038,0.300949,30.6221,0.21434,0.6465,0.0210
kodim20,analytic,0.5000,0.5000,0.5000,1.0000,1.0000,1.0000,0.208899,0.328481,29.1359,0.23968,0.7853,0.0210
kodim20,iter3,0.3137,0.3639,0.3388,0.5000,0.5000,0.5000,0.237141,0.308999,30.0385,0.21877,0.7336,0.0210
kodim21,baseline,0.0000,0.0000,0.0000,1.0000,1.0000,1.0000,0.209049,0.336036,27.3842,0.21976,0.9592,0.1000
kodim21,analytic,0.5000,0.5000,0.5000,1.0000,1.0000,1.0000,0.275729,0.410552,21.0439,0.24198,1.1466,0.1000
kodim21,iter3,0.5584,0.4988,0.6024,0.5000,0.5098,0.5000,0.297108,0.419715,21.4633,0.26870,1.1605,0.1000
kodim22,baseline,0.0000,0.0000,0.0000,1.0000,1.0000,1.0000,0.212679,0.335076,27.1766,0.21368,0.6570,0.0311
kodim22,analytic,0.5000,0.5000,0.5000,1.0000,1.0000,1.0000,0.256398,0.407630,20.4194,0.22365,0.6203,0.0311
kodim22,iter3,0.5208,0.4925,0.6024,0.5098,0.5392,0.5000,0.277367,0.418178,21.1165,0.25869,0.6460,0.0311
kodim23,baseline,0.0000,0.0000,0.0000,1.0000,1.0000,1.0000,0.231528,0.341119,27.3094,0.22843,0.6196,0.3459
kodim23,analytic,0.5000,0.5000,0.5000,1.0000,1.0000,1.0000,0.254983,0.396071,20.7766,0.20768,0.7716,0.3459
kodim23,iter3,0.3890,0.5020,0.3890,0.5000,0.5000,0.5098,0.281126,0.406872,20.7046,0.22784,0.8777,0.3459
kodim24,baseline,0.0000,0.0000,0.0000,1.0000,1.0000,1.0000,0.223977,0.364150,25.3824,0.23595,0.6031,0.0013
kodim24,analytic,0.5000,0.5000,0.5000,1.0000,1.0000,1.0000,0.263464,0.428610,20.8317,0.27386,0.6736,0.0013
kodim24,iter3,0.3890,0.5647,0.6024,0.8725,0.5000,0.5000,0.282895,0.443542,21.0988,0.30906,0.6853,0.0013
