image,design,dE00_mean,dE00_sd,abs_dL_mean,signed_dL_mean,chroma_ratio_vivid,chroma_ratio_dull,ssim_lum_mean
baboon,baseline,30.397,0.094,26.613,-26.440,0.5952,1.2801,0.1950
baboon,iter1,30.424,0.111,26.655,-26.485,0.5955,1.2779,0.1951
baboon,iter2,24.920,0.108,15.726,-13.209,0.5578,1.4680,0.1976
baboon,analytic,24.536,0.121,13.198,-8.295,0.5524,1.5107,0.2034
baboon,iter3,24.440,0.102,18.192,-17.248,0.6724,1.5650,0.2321
astronaut,baseline,25.556,0.079,23.293,-22.859,0.5915,2.2783,0.3725
astronaut,iter1,25.541,0.083,23.273,-22.831,0.5916,2.2795,0.3711
astronaut,iter2,21.628,0.082,14.573,-11.520,0.6000,2.7002,0.3903
astronaut,analytic,20.926,0.107,13.835,-10.811,0.6612,2.7217,0.3988
astronaut,iter3,20.896,0.095,13.952,-11.773,0.7150,2.6223,0.4095
coffee,baseline,23.184,0.074,20.773,-20.617,0.5883,0.8777,0.3006
coffee,iter1,23.157,0.067,20.752,-20.593,0.5894,0.8790,0.3015
coffee,iter2,18.189,0.084,13.031,-10.938,0.7477,1.3030,0.3118
coffee,analytic,18.414,0.088,11.008,-8.139,0.7605,1.2073,0.3203
coffee,iter3,18.186,0.101,11.677,-10.082,0.8704,1.0860,0.3302
chelsea,baseline,27.464,0.072,23.695,-23.640,0.6527,0.9702,0.2551
chelsea,iter1,27.452,0.080,23.685,-23.630,0.6538,0.9723,0.2558
chelsea,iter2,21.302,0.084,9.879,-6.256,0.8505,1.1786,0.2594
chelsea,analytic,20.742,0.069,8.379,-2.978,0.9395,1.2355,0.2861
chelsea,iter3,20.902,0.075,8.771,-4.888,0.9682,1.2256,0.3216
