gamma,q_mean,q_sd,psnr_mean,ssim_mean,contrast_mean,black_fraction
0.50,0.16875,0.00091,8.535,0.1785,0.0300,0.6911
0.75,0.18667,0.00109,9.739,0.1860,0.0372,0.5873
1.00,0.19912,0.00083,10.742,0.1881,0.0411,0.5046
1.25,0.20803,0.00096,11.565,0.1875,0.0435,0.4375
1.50,0.21356,0.00105,12.222,0.1837,0.0446,0.3822
1.75,0.21745,0.00113,12.733,0.1800,0.0453,0.3360
2.00,0.21924,0.00109,13.118,0.1745,0.0457,0.2971
2.25,0.21959,0.00106,13.387,0.1686,0.0457,0.2640
2.50,0.21890,0.00115,13.572,0.1623,0.0457,0.2355
2.75,0.21778,0.00118,13.689,0.1570,0.0453,0.2110
3.00,0.21595,0.00110,13.750,0.1511,0.0450,0.1898
