design,seed,q,qp,dE00,ssimL
baseline,0,0.199123,0.293535,30.3961,0.19499
analytic,0,0.240090,0.356323,24.5359,0.20336
iter2,1,0.219476,0.349623,24.9196,0.19764
iter3,1,0.246719,0.371671,24.4396,0.23213
iter2,2,0.219643,0.349763,24.8767,0.19706
iter3,2,0.254663,0.382519,23.7150,0.23934
iter2,3,0.219759,0.348701,25.0452,0.19831
iter3,3,0.256303,0.380429,23.9617,0.24009
iter2,4,0.219487,0.350318,24.5788,0.19221
iter3,4,0.260641,0.379595,24.1175,0.24154
iter2,5,0.219325,0.347776,24.6148,0.18785
iter3,5,0.247997,0.358940,26.6663,0.25121
iter2,6,0.219545,0.349405,24.8932,0.19667
iter3,6,0.263271,0.379697,24.0801,0.24100
iter2,7,0.219586,0.349683,24.8749,0.19686
iter3,7,0.258878,0.378173,24.0691,0.23773
iter2,8,0.219796,0.348513,25.0234,0.19750
iter3,8,0.260925,0.379875,24.3639,0.24703
iter2,9,0.219677,0.347986,24.6832,0.18964
iter3,9,0.257020,0.363171,26.3580,0.25350
iter2,10,0.219582,0.349477,24.7749,0.19445
iter3,10,0.262396,0.380286,24.2487,0.24555
iter2,11,0.219100,0.349522,25.0980,0.20100
iter3,11,0.264970,0.381872,23.7345,0.23843
iter2,12,0.219588,0.350218,24.5579,0.19159
iter3,12,0.258789,0.355537,27.2650,0.25637
