image,mode,optimizer,seed,p_C,p_M,p_Y,search_score,indep_mean,indep_sd,baseline_indep_mean,evals
baboon,bias,GWO,1,-29.1765,-27.2941,-14.7451,0.200796,0.199212,0.000890,0.199123,400
baboon,bias,GWO,2,74.3529,-34.1961,-66.1961,0.200240,0.199588,0.000944,0.199123,400
baboon,bias,GWO,3,63.0588,27.2941,-44.2353,0.200252,0.199383,0.000943,0.199123,400
baboon,bias,GWO,4,-64.3137,57.4118,-35.4510,0.200558,0.199532,0.001013,0.199123,400
baboon,bias,GWO,5,37.3333,-64.9412,-66.1961,0.200399,0.199549,0.001115,0.199123,400
baboon,bias,GWO,6,75.6078,43.6078,-29.1765,0.200312,0.199742,0.000721,0.199123,400
baboon,bias,GWO,7,78.7451,1.5686,-40.4706,0.200304,0.199238,0.000963,0.199123,400
baboon,bias,GWO,8,42.9804,53.0196,-69.9608,0.200678,0.199196,0.001066,0.199123,400
baboon,bias,GWO,9,18.5098,-44.8627,-27.2941,0.200914,0.199616,0.000989,0.199123,400
baboon,bias,GWO,10,2.8235,44.2353,-7.8431,0.200796,0.199100,0.000939,0.199123,400
baboon,bias,GWO,11,5.9608,62.4314,53.0196,0.199646,0.199577,0.001182,0.199123,400
baboon,bias,GWO,12,-71.8431,-77.4902,-66.1961,0.199834,0.199400,0.000897,0.199123,400
baboon,gamma,GWO,1,1.9902,2.3627,2.0196,0.220337,0.219730,0.001228,0.199123,400
baboon,gamma,GWO,2,1.9314,2.4020,2.0392,0.219566,0.219718,0.000973,0.199123,400
baboon,gamma,GWO,3,1.8824,2.3529,2.1863,0.220035,0.219782,0.001205,0.199123,400
baboon,gamma,GWO,4,2.2353,2.6471,1.8431,0.219988,0.219576,0.001145,0.199123,400
baboon,gamma,GWO,5,1.7941,2.7745,2.0686,0.220894,0.219746,0.001077,0.199123,400
baboon,gamma,GWO,6,2.0392,2.4608,2.1373,0.220075,0.219829,0.001224,0.199123,400
baboon,gamma,GWO,7,2.1471,2.4412,2.0588,0.220850,0.220205,0.001040,0.199123,400
baboon,gamma,GWO,8,1.7059,2.3529,2.1078,0.220537,0.219930,0.001025,0.199123,400
baboon,gamma,GWO,9,1.7745,2.6961,2.1078,0.220984,0.219877,0.001090,0.199123,400
baboon,gamma,GWO,10,2.0588,2.5196,2.0686,0.221210,0.219895,0.001050,0.199123,400
baboon,gamma,GWO,11,2.1569,2.2255,1.9118,0.219468,0.219501,0.001059,0.199123,400
baboon,gamma,GWO,12,1.9118,2.6471,1.8431,0.219484,0.219458,0.001139,0.199123,400
