image,mode,optimizer,seed,curve
baboon,gamma,BDA,1,0.219668;0.219668;0.219668;0.219668;0.219668;0.219668;0.219668;0.219668;0.219668;0.219668;0.219668;0.219668;0.219668;0.219668;0.219758;0.219758;0.219758;0.219758;0.220337;0.220337;0.220337;0.220337;0.220337;0.220337;0.220370;
baboon,gamma,BDA,2,0.218312;0.218312;0.218858;0.218858;0.219066;0.219066;0.219138;0.219229;0.219229;0.219229;0.219229;0.219229;0.219229;0.219229;0.219229;0.219229;0.219229;0.219229;0.219229;0.219229;0.219229;0.219229;0.219229;0.219338;0.219338;
baboon,gamma,BDA,3,0.217131;0.218179;0.219098;0.219098;0.219098;0.219098;0.219296;0.219296;0.219296;0.219296;0.219296;0.219296;0.219296;0.219296;0.219956;0.219956;0.219956;0.219956;0.219956;0.219956;0.219956;0.219956;0.219956;0.220040;0.220040;
baboon,gamma,BDA,4,0.218218;0.218886;0.219451;0.219451;0.219451;0.219451;0.219451;0.219451;0.219451;0.219451;0.219451;0.219451;0.219451;0.219451;0.219451;0.219451;0.219451;0.219451;0.219804;0.219804;0.219804;0.219804;0.219804;0.219804;0.219804;
baboon,gamma,BDA,5,0.219516;0.219516;0.219516;0.219516;0.219797;0.219797;0.219797;0.219797;0.219797;0.219797;0.219797;0.219797;0.219797;0.219797;0.219797;0.219797;0.219797;0.219797;0.219797;0.219928;0.219957;0.219957;0.219957;0.220088;0.220088;
baboon,gamma,BDA,6,0.218197;0.218197;0.218428;0.218428;0.219229;0.219229;0.219229;0.219229;0.219229;0.219229;0.219229;0.219229;0.219229;0.219229;0.219229;0.219229;0.219229;0.219588;0.219588;0.219588;0.219588;0.219883;0.219883;0.219932;0.219932;
baboon,gamma,BDA,7,0.219304;0.219748;0.219748;0.219748;0.219748;0.219748;0.219748;0.219748;0.219748;0.219748;0.219748;0.219748;0.219748;0.219748;0.219748;0.219748;0.219748;0.219991;0.219991;0.220048;0.220048;0.220116;0.220116;0.220120;0.220120;
baboon,gamma,BDA,8,0.219082;0.219082;0.219082;0.219275;0.219275;0.219275;0.220031;0.220031;0.220031;0.220031;0.220031;0.220031;0.220110;0.220110;0.220110;0.220110;0.220110;0.220110;0.220110;0.220110;0.220110;0.220110;0.220110;0.220377;0.220377;
baboon,gamma,BDA,9,0.219723;0.220603;0.220603;0.220603;0.220603;0.220603;0.220603;0.220603;0.220603;0.220603;0.220603;0.220603;0.220603;0.220603;0.220603;0.220603;0.220603;0.220603;0.221331;0.221331;0.221331;0.221331;0.221331;0.221331;0.221331;
baboon,gamma,BDA,10,0.220444;0.220444;0.220444;0.220444;0.220444;0.220491;0.220491;0.220491;0.220491;0.220491;0.220491;0.220491;0.220491;0.220491;0.220491;0.220491;0.220491;0.220670;0.220670;0.220670;0.220780;0.220780;0.220780;0.220780;0.220780;
baboon,gamma,BDA,11,0.218599;0.218599;0.218599;0.218599;0.218599;0.218599;0.218599;0.218599;0.218599;0.218599;0.218599;0.218599;0.218599;0.218626;0.218626;0.218626;0.219070;0.219070;0.219070;0.219070;0.219070;0.219070;0.219228;0.219228;0.219228;
baboon,gamma,BDA,12,0.218418;0.218418;0.219176;0.219176;0.219176;0.219176;0.219176;0.219176;0.219176;0.219176;0.219176;0.219176;0.219176;0.219176;0.219176;0.219176;0.219382;0.219382;0.219382;0.219382;0.219382;0.219382;0.219505;0.219505;0.219505;
baboon,gamma,HHO,1,0.218418;0.218418;0.218418;0.218677;0.218677;0.218899;0.218899;0.218899;0.218899;0.218899;0.218899;0.218899;0.218899;0.218899;0.218899;0.218899;0.218899;0.218899;0.218899;0.218899;0.218899;0.218899;0.218899;0.218899;0.218899;
baboon,gamma,HHO,2,0.217949;0.217949;0.217949;0.218247;0.218247;0.218247;0.218247;0.218247;0.218247;0.218247;0.218247;0.218247;0.218247;0.218247;0.218247;0.218247;0.218247;0.218247;0.218247;0.218247;0.218247;0.218247;0.218247;0.218247;0.218247;
baboon,gamma,HHO,3,0.218976;0.219039;0.219039;0.219039;0.219119;0.219119;0.219119;0.219119;0.219119;0.219119;0.219119;0.219119;0.219119;0.219119;0.219119;0.219119;0.219119;0.219119;0.219119;0.219119;0.219119;0.219119;0.219119;0.219119;0.219119;
baboon,gamma,HHO,4,0.218958;0.218958;0.218958;0.218958;0.218958;0.218958;0.218958;0.218958;0.218958;0.218958;0.218958;0.218958;0.218958;0.218958;0.218958;0.218958;0.218958;0.218958;0.218958;0.218958;0.218958;0.218958;0.218958;0.218958;0.218958;
baboon,gamma,HHO,5,0.220244;0.220244;0.220250;0.220250;0.220250;0.220250;0.220250;0.220250;0.220250;0.220250;0.220250;0.220250;0.220250;0.220250;0.220250;0.220250;0.220250;0.220250;0.220250;0.220250;0.220250;0.220250;0.220250;0.220250;0.220250;
baboon,gamma,HHO,6,0.219154;0.219154;0.219154;0.219154;0.219154;0.219154;0.219154;0.219154;0.219154;0.219154;0.219154;0.219154;0.219154;0.219154;0.219154;0.219154;0.219154;0.219154;0.219154;0.219154;0.219154;0.219154;0.219154;0.219154;0.219154;
baboon,gamma,HHO,7,0.217780;0.217843;0.217843;0.217843;0.217843;0.217843;0.217843;0.217843;0.217843;0.217843;0.217843;0.217843;0.217843;0.217843;0.217843;0.217843;0.217843;0.217843;0.217843;0.217843;0.217843;0.217843;0.217843;0.217843;0.217843;
baboon,gamma,HHO,8,0.219202;0.219907;0.219907;0.219907;0.219907;0.219907;0.219907;0.219907;0.219907;0.219907;0.219907;0.219907;0.219907;0.219907;0.219907;0.219907;0.219907;0.219907;0.219907;0.219907;0.219907;0.219907;0.219907;0.219907;0.219907;
baboon,gamma,HHO,9,0.219961;0.219961;0.219961;0.219961;0.219961;0.219961;0.219961;0.219961;0.219961;0.219961;0.219993;0.220106;0.220193;0.220199;0.220199;0.220199;0.220199;0.220199;0.220199;0.220199;0.220199;0.220199;0.220199;0.220199;0.220199;
baboon,gamma,HHO,10,0.219068;0.219891;0.219891;0.219891;0.219891;0.219891;0.219891;0.219891;0.219891;0.219891;0.219891;0.219891;0.219891;0.219891;0.219891;0.219891;0.219891;0.219891;0.219891;0.219891;0.219891;0.219891;0.219891;0.219891;0.219891;
baboon,gamma,HHO,11,0.217569;0.217569;0.217569;0.217569;0.217569;0.217569;0.217569;0.217569;0.217569;0.217569;0.217569;0.217569;0.217569;0.217569;0.217569;0.217569;0.217569;0.217569;0.217569;0.217569;0.217569;0.217569;0.217569;0.217569;0.217569;
baboon,gamma,HHO,12,0.218480;0.218490;0.218490;0.219132;0.219132;0.219132;0.219132;0.219132;0.219132;0.219132;0.219132;0.219132;0.219132;0.219132;0.219132;0.219132;0.219132;0.219132;0.219132;0.219132;0.219132;0.219132;0.219132;0.219132;0.219132;
baboon,gamma,RS,1,0.219668;0.219668;0.219668;0.219668;0.219668;0.219668;0.219668;0.219782;0.219782;0.219782;0.219782;0.219782;0.219782;0.219782;0.219782;0.219782;0.219782;0.219782;0.219782;0.219782;0.219782;0.219782;0.219782;0.219782;0.219782;
baboon,gamma,RS,2,0.218312;0.218312;0.218312;0.218312;0.218312;0.218339;0.218339;0.218339;0.218622;0.218622;0.218622;0.218622;0.218622;0.218622;0.218622;0.218636;0.218636;0.218636;0.218718;0.218718;0.218718;0.218786;0.218786;0.218786;0.218786;
baboon,gamma,RS,3,0.217131;0.217733;0.218809;0.218843;0.218843;0.218843;0.219189;0.219189;0.219189;0.219189;0.219189;0.219189;0.219189;0.219189;0.219189;0.219189;0.219189;0.219189;0.219189;0.219189;0.219189;0.219189;0.219273;0.219273;0.219273;
baboon,gamma,RS,4,0.218218;0.218697;0.218697;0.218697;0.218697;0.218697;0.218791;0.218791;0.218962;0.218962;0.218962;0.218962;0.218962;0.218962;0.218962;0.218962;0.218962;0.219106;0.219106;0.219330;0.219330;0.219330;0.219330;0.219330;0.219330;
baboon,gamma,RS,5,0.219516;0.219628;0.219782;0.219782;0.219782;0.219782;0.219782;0.219782;0.219782;0.219782;0.219782;0.219782;0.219782;0.220073;0.220073;0.220073;0.220073;0.220073;0.220073;0.220073;0.220073;0.220073;0.220073;0.220073;0.220073;
baboon,gamma,RS,6,0.218197;0.219136;0.219136;0.219187;0.219187;0.219187;0.219187;0.219187;0.219187;0.219265;0.219265;0.219265;0.219265;0.219265;0.219265;0.219265;0.219265;0.219265;0.219265;0.219265;0.219347;0.219347;0.219347;0.219347;0.219347;
baboon,gamma,RS,7,0.219304;0.219304;0.219645;0.219645;0.219645;0.219645;0.219665;0.219665;0.219665;0.219665;0.219665;0.219665;0.219665;0.219665;0.219665;0.219665;0.219665;0.219665;0.219665;0.219665;0.219665;0.219665;0.219665;0.219665;0.219665;
baboon,gamma,RS,8,0.219082;0.219702;0.220232;0.220232;0.220232;0.220292;0.220292;0.220292;0.220292;0.220292;0.220292;0.220292;0.220292;0.220292;0.220292;0.220292;0.220292;0.220292;0.220292;0.220292;0.220292;0.220292;0.220292;0.220292;0.220292;
baboon,gamma,RS,9,0.219723;0.219932;0.220014;0.220014;0.220866;0.220866;0.220866;0.220866;0.220866;0.220866;0.220866;0.220866;0.220866;0.220866;0.220866;0.220866;0.220866;0.220866;0.220866;0.220866;0.220866;0.220866;0.220866;0.220866;0.220866;
baboon,gamma,RS,10,0.220444;0.220444;0.220444;0.220444;0.220444;0.220526;0.220526;0.220526;0.220526;0.220526;0.220526;0.220526;0.220526;0.220526;0.220526;0.220526;0.220526;0.220526;0.220526;0.220526;0.220526;0.220526;0.220526;0.220526;0.220821;
baboon,gamma,RS,11,0.218599;0.218599;0.219236;0.219236;0.219236;0.219236;0.219236;0.219236;0.219236;0.219236;0.219236;0.219236;0.219236;0.219236;0.219236;0.219236;0.219236;0.219236;0.219236;0.219236;0.219236;0.219236;0.219236;0.219236;0.219236;
baboon,gamma,RS,12,0.218418;0.218418;0.219203;0.219203;0.219203;0.219203;0.219203;0.219203;0.219203;0.219203;0.219203;0.219203;0.219203;0.219203;0.219203;0.219238;0.219238;0.219238;0.219238;0.219238;0.219238;0.219238;0.219238;0.219238;0.219238;
