design,channel,param_bias,param_theta,param_gamma,psnr_shown,ssim_shown,contrast_shown,psnr_mean,psnr_sd,ssim_mean,ssim_sd,contrast_mean,contrast_sd
baseline,C,0.0000,0.0000,1.0000,10.241,0.1767,0.0447,10.201,0.039,0.1713,0.0033,0.0447,0.0007
baseline,M,0.0000,0.0000,1.0000,10.703,0.1831,0.0244,10.765,0.037,0.1832,0.0038,0.0258,0.0005
baseline,Y,0.0000,0.0000,1.0000,11.240,0.2071,0.0521,11.261,0.030,0.2099,0.0029,0.0529,0.0007
iter1,C,-29.1765,0.0000,1.0000,10.164,0.1722,0.0443,10.197,0.037,0.1719,0.0033,0.0448,0.0007
iter1,M,-27.2941,0.0000,1.0000,10.677,0.1826,0.0250,10.754,0.044,0.1833,0.0041,0.0259,0.0006
iter1,Y,-14.7451,0.0000,1.0000,11.262,0.2112,0.0534,11.259,0.035,0.2099,0.0040,0.0530,0.0006
iter2,C,0.0000,0.0000,1.9902,12.379,0.1551,0.0442,12.353,0.047,0.1499,0.0043,0.0443,0.0007
iter2,M,0.0000,0.0000,2.3627,14.005,0.1563,0.0347,14.071,0.064,0.1586,0.0055,0.0367,0.0010
iter2,Y,0.0000,0.0000,2.0196,13.389,0.2024,0.0562,13.419,0.052,0.2036,0.0035,0.0568,0.0009
analytic,C,0.0000,0.5000,1.0000,13.181,0.1441,0.0759,13.173,0.057,0.1394,0.0031,0.0768,0.0015
analytic,M,0.0000,0.5000,1.0000,14.820,0.1637,0.0692,14.892,0.067,0.1635,0.0050,0.0725,0.0016
analytic,Y,0.0000,0.5000,1.0000,14.016,0.2173,0.0849,14.034,0.059,0.2111,0.0036,0.0850,0.0010
iter3,C,0.0000,0.3953,0.5000,11.798,0.2085,0.0972,11.766,0.045,0.2051,0.0038,0.0970,0.0012
iter3,M,0.0000,0.2949,0.9804,13.532,0.2000,0.0581,13.564,0.059,0.1991,0.0051,0.0597,0.0009
iter3,Y,0.0000,0.3890,0.5196,12.471,0.2502,0.0939,12.482,0.043,0.2494,0.0035,0.0948,0.0009
