channel,share,entropy,black_fraction,corr_h,corr_v,corr_d,cc_vs_secret_channel,mi_vs_halftone_bits,gtest_p
C,S1,0.99999,0.4983,-0.0028,0.0021,0.0029,-0.0010,2.98e-07,0.865
C,S2,1.00000,0.4992,-0.0029,-0.0033,-0.0033,0.0003,6.36e-06,0.433
M,S1,1.00000,0.5000,-0.0036,0.0014,-0.0039,-0.0029,9.49e-07,0.762
M,S2,1.00000,0.5005,-0.0048,0.0038,-0.0008,-0.0004,1.36e-07,0.909
Y,S1,0.99999,0.5015,-0.0011,0.0019,0.0014,-0.0004,1.14e-05,0.293
Y,S2,0.99999,0.4980,0.0010,-0.0004,0.0060,-0.0061,7.24e-06,0.403
C,S1xorS2,,,,,,,0.9306,
M,S1xorS2,,,,,,,0.8804,
Y,S1xorS2,,,,,,,0.9996,
