gamma,psnr_norm,ssim,contrast_norm
0.500,0.21339,0.17849,0.06000
0.625,0.22908,0.18281,0.06775
0.750,0.24349,0.18602,0.07434
0.875,0.25657,0.18738,0.07874
1.000,0.26856,0.18813,0.08223
1.125,0.27948,0.18827,0.08509
1.250,0.28912,0.18748,0.08695
1.375,0.29784,0.18541,0.08821
1.500,0.30554,0.18372,0.08928
1.625,0.31239,0.18151,0.09031
1.750,0.31832,0.17996,0.09069
1.875,0.32347,0.17733,0.09095
2.000,0.32795,0.17450,0.09131
2.125,0.33157,0.17140,0.09154
2.250,0.33468,0.16860,0.09139
2.375,0.33718,0.16563,0.09121
2.500,0.33931,0.16229,0.09130
2.625,0.34082,0.15871,0.09077
2.750,0.34223,0.15695,0.09055
2.875,0.34313,0.15403,0.09040
3.000,0.34376,0.15110,0.09001
