resolution,window,n_grids,q_gamma1,best_gamma,q_best,gain_pct,q_bias_m80,q_bias_p80
264,2,30,0.16792,2.00,0.17668,5.21,0.16795,0.16814
264,3,30,0.18821,2.25,0.20411,8.45,0.18841,0.18834
264,4,30,0.19847,2.25,0.21907,10.38,0.19874,0.19883
264,6,30,0.20830,2.50,0.23610,13.35,0.20850,0.20841
264,8,30,0.20918,2.75,0.24254,15.94,0.20948,0.20950
512,2,10,0.17140,2.00,0.18167,5.99,0.17145,0.17137
512,3,10,0.18802,2.00,0.20574,9.42,0.18794,0.18813
512,4,10,0.19177,2.25,0.21222,10.66,0.19154,0.19169
512,6,10,0.19439,2.50,0.22141,13.90,0.19426,0.19422
512,8,10,0.19480,2.75,0.22578,15.90,0.19466,0.19488
